{"rects": [[852.0, 520.0, 1190.0, 563.0], [61.0, 554.0, 224.0, 717.0], [834.0, 467.0, 1035.0, 525.0]], "labels": ["crack", "crack", "crack"], "scores": [0.7411884069442749, 0.7208971381187439, 0.5432906150817871]}